month,total.non-content,total.content,timeRange.start,timeRange.end
2001-01-01T00:00:00.000Z,0,0,2001-01-01T00:00:00.000Z,2001-02-01T00:00:00.000Z
2001-02-01T00:00:00.000Z,0,0,2001-02-01T00:00:00.000Z,2001-03-01T00:00:00.000Z
2001-03-01T00:00:00.000Z,0,0,2001-03-01T00:00:00.000Z,2001-04-01T00:00:00.000Z
2001-04-01T00:00:00.000Z,0,0,2001-04-01T00:00:00.000Z,2001-05-01T00:00:00.000Z
2001-05-01T00:00:00.000Z,0,0,2001-05-01T00:00:00.000Z,2001-06-01T00:00:00.000Z
2001-06-01T00:00:00.000Z,0,0,2001-06-01T00:00:00.000Z,2001-07-01T00:00:00.000Z
2001-07-01T00:00:00.000Z,0,0,2001-07-01T00:00:00.000Z,2001-08-01T00:00:00.000Z
2001-08-01T00:00:00.000Z,0,0,2001-08-01T00:00:00.000Z,2001-09-01T00:00:00.000Z
2001-09-01T00:00:00.000Z,0,0,2001-09-01T00:00:00.000Z,2001-10-01T00:00:00.000Z
2001-10-01T00:00:00.000Z,0,0,2001-10-01T00:00:00.000Z,2001-11-01T00:00:00.000Z
2001-11-01T00:00:00.000Z,0,0,2001-11-01T00:00:00.000Z,2001-12-01T00:00:00.000Z
2001-12-01T00:00:00.000Z,0,0,2001-12-01T00:00:00.000Z,2002-01-01T00:00:00.000Z
2002-01-01T00:00:00.000Z,0,0,2002-01-01T00:00:00.000Z,2002-02-01T00:00:00.000Z
2002-02-01T00:00:00.000Z,0,0,2002-02-01T00:00:00.000Z,2002-03-01T00:00:00.000Z
2002-03-01T00:00:00.000Z,0,0,2002-03-01T00:00:00.000Z,2002-04-01T00:00:00.000Z
2002-04-01T00:00:00.000Z,0,0,2002-04-01T00:00:00.000Z,2002-05-01T00:00:00.000Z
2002-05-01T00:00:00.000Z,0,0,2002-05-01T00:00:00.000Z,2002-06-01T00:00:00.000Z
2002-06-01T00:00:00.000Z,0,0,2002-06-01T00:00:00.000Z,2002-07-01T00:00:00.000Z
2002-07-01T00:00:00.000Z,0,0,2002-07-01T00:00:00.000Z,2002-08-01T00:00:00.000Z
2002-08-01T00:00:00.000Z,0,0,2002-08-01T00:00:00.000Z,2002-09-01T00:00:00.000Z
2002-09-01T00:00:00.000Z,0,0,2002-09-01T00:00:00.000Z,2002-10-01T00:00:00.000Z
2002-10-01T00:00:00.000Z,0,0,2002-10-01T00:00:00.000Z,2002-11-01T00:00:00.000Z
2002-11-01T00:00:00.000Z,0,0,2002-11-01T00:00:00.000Z,2002-12-01T00:00:00.000Z
2002-12-01T00:00:00.000Z,0,0,2002-12-01T00:00:00.000Z,2003-01-01T00:00:00.000Z
2003-01-01T00:00:00.000Z,0,0,2003-01-01T00:00:00.000Z,2003-02-01T00:00:00.000Z
2003-02-01T00:00:00.000Z,0,0,2003-02-01T00:00:00.000Z,2003-03-01T00:00:00.000Z
2003-03-01T00:00:00.000Z,0,0,2003-03-01T00:00:00.000Z,2003-04-01T00:00:00.000Z
2003-04-01T00:00:00.000Z,0,0,2003-04-01T00:00:00.000Z,2003-05-01T00:00:00.000Z
2003-05-01T00:00:00.000Z,0,0,2003-05-01T00:00:00.000Z,2003-06-01T00:00:00.000Z
2003-06-01T00:00:00.000Z,0,0,2003-06-01T00:00:00.000Z,2003-07-01T00:00:00.000Z
2003-07-01T00:00:00.000Z,0,0,2003-07-01T00:00:00.000Z,2003-08-01T00:00:00.000Z
2003-08-01T00:00:00.000Z,0,0,2003-08-01T00:00:00.000Z,2003-09-01T00:00:00.000Z
2003-09-01T00:00:00.000Z,0,0,2003-09-01T00:00:00.000Z,2003-10-01T00:00:00.000Z
2003-10-01T00:00:00.000Z,0,0,2003-10-01T00:00:00.000Z,2003-11-01T00:00:00.000Z
2003-11-01T00:00:00.000Z,0,0,2003-11-01T00:00:00.000Z,2003-12-01T00:00:00.000Z
2003-12-01T00:00:00.000Z,3,0,2003-12-01T00:00:00.000Z,2004-01-01T00:00:00.000Z
2004-01-01T00:00:00.000Z,0,0,2004-01-01T00:00:00.000Z,2004-02-01T00:00:00.000Z
2004-02-01T00:00:00.000Z,0,0,2004-02-01T00:00:00.000Z,2004-03-01T00:00:00.000Z
2004-03-01T00:00:00.000Z,36,0,2004-03-01T00:00:00.000Z,2004-04-01T00:00:00.000Z
2004-04-01T00:00:00.000Z,21,0,2004-04-01T00:00:00.000Z,2004-05-01T00:00:00.000Z
2004-05-01T00:00:00.000Z,21,0,2004-05-01T00:00:00.000Z,2004-06-01T00:00:00.000Z
2004-06-01T00:00:00.000Z,21,0,2004-06-01T00:00:00.000Z,2004-07-01T00:00:00.000Z
2004-07-01T00:00:00.000Z,25,0,2004-07-01T00:00:00.000Z,2004-08-01T00:00:00.000Z
2004-08-01T00:00:00.000Z,63,0,2004-08-01T00:00:00.000Z,2004-09-01T00:00:00.000Z
2004-09-01T00:00:00.000Z,118,0,2004-09-01T00:00:00.000Z,2004-10-01T00:00:00.000Z
2004-10-01T00:00:00.000Z,71,0,2004-10-01T00:00:00.000Z,2004-11-01T00:00:00.000Z
2004-11-01T00:00:00.000Z,56,0,2004-11-01T00:00:00.000Z,2004-12-01T00:00:00.000Z
2004-12-01T00:00:00.000Z,98,0,2004-12-01T00:00:00.000Z,2005-01-01T00:00:00.000Z
2005-01-01T00:00:00.000Z,235,0,2005-01-01T00:00:00.000Z,2005-02-01T00:00:00.000Z
2005-02-01T00:00:00.000Z,171,0,2005-02-01T00:00:00.000Z,2005-03-01T00:00:00.000Z
2005-03-01T00:00:00.000Z,206,0,2005-03-01T00:00:00.000Z,2005-04-01T00:00:00.000Z
2005-04-01T00:00:00.000Z,161,0,2005-04-01T00:00:00.000Z,2005-05-01T00:00:00.000Z
2005-05-01T00:00:00.000Z,131,0,2005-05-01T00:00:00.000Z,2005-06-01T00:00:00.000Z
2005-06-01T00:00:00.000Z,158,0,2005-06-01T00:00:00.000Z,2005-07-01T00:00:00.000Z
2005-07-01T00:00:00.000Z,288,0,2005-07-01T00:00:00.000Z,2005-08-01T00:00:00.000Z
2005-08-01T00:00:00.000Z,72,0,2005-08-01T00:00:00.000Z,2005-09-01T00:00:00.000Z
2005-09-01T00:00:00.000Z,111,0,2005-09-01T00:00:00.000Z,2005-10-01T00:00:00.000Z
2005-10-01T00:00:00.000Z,137,0,2005-10-01T00:00:00.000Z,2005-11-01T00:00:00.000Z
2005-11-01T00:00:00.000Z,221,0,2005-11-01T00:00:00.000Z,2005-12-01T00:00:00.000Z
2005-12-01T00:00:00.000Z,115,0,2005-12-01T00:00:00.000Z,2006-01-01T00:00:00.000Z
2006-01-01T00:00:00.000Z,169,0,2006-01-01T00:00:00.000Z,2006-02-01T00:00:00.000Z
2006-02-01T00:00:00.000Z,139,0,2006-02-01T00:00:00.000Z,2006-03-01T00:00:00.000Z
2006-03-01T00:00:00.000Z,56,0,2006-03-01T00:00:00.000Z,2006-04-01T00:00:00.000Z
2006-04-01T00:00:00.000Z,119,0,2006-04-01T00:00:00.000Z,2006-05-01T00:00:00.000Z
2006-05-01T00:00:00.000Z,103,0,2006-05-01T00:00:00.000Z,2006-06-01T00:00:00.000Z
2006-06-01T00:00:00.000Z,70,0,2006-06-01T00:00:00.000Z,2006-07-01T00:00:00.000Z
2006-07-01T00:00:00.000Z,132,0,2006-07-01T00:00:00.000Z,2006-08-01T00:00:00.000Z
2006-08-01T00:00:00.000Z,48,0,2006-08-01T00:00:00.000Z,2006-09-01T00:00:00.000Z
2006-09-01T00:00:00.000Z,53,0,2006-09-01T00:00:00.000Z,2006-10-01T00:00:00.000Z
2006-10-01T00:00:00.000Z,79,0,2006-10-01T00:00:00.000Z,2006-11-01T00:00:00.000Z
2006-11-01T00:00:00.000Z,130,0,2006-11-01T00:00:00.000Z,2006-12-01T00:00:00.000Z
2006-12-01T00:00:00.000Z,121,0,2006-12-01T00:00:00.000Z,2007-01-01T00:00:00.000Z
2007-01-01T00:00:00.000Z,103,0,2007-01-01T00:00:00.000Z,2007-02-01T00:00:00.000Z
2007-02-01T00:00:00.000Z,120,0,2007-02-01T00:00:00.000Z,2007-03-01T00:00:00.000Z
2007-03-01T00:00:00.000Z,101,0,2007-03-01T00:00:00.000Z,2007-04-01T00:00:00.000Z
2007-04-01T00:00:00.000Z,145,0,2007-04-01T00:00:00.000Z,2007-05-01T00:00:00.000Z
2007-05-01T00:00:00.000Z,134,0,2007-05-01T00:00:00.000Z,2007-06-01T00:00:00.000Z
2007-06-01T00:00:00.000Z,127,0,2007-06-01T00:00:00.000Z,2007-07-01T00:00:00.000Z
2007-07-01T00:00:00.000Z,133,0,2007-07-01T00:00:00.000Z,2007-08-01T00:00:00.000Z
2007-08-01T00:00:00.000Z,207,0,2007-08-01T00:00:00.000Z,2007-09-01T00:00:00.000Z
2007-09-01T00:00:00.000Z,240,0,2007-09-01T00:00:00.000Z,2007-10-01T00:00:00.000Z
2007-10-01T00:00:00.000Z,223,0,2007-10-01T00:00:00.000Z,2007-11-01T00:00:00.000Z
2007-11-01T00:00:00.000Z,105,0,2007-11-01T00:00:00.000Z,2007-12-01T00:00:00.000Z
2007-12-01T00:00:00.000Z,366,0,2007-12-01T00:00:00.000Z,2008-01-01T00:00:00.000Z
2008-01-01T00:00:00.000Z,98,0,2008-01-01T00:00:00.000Z,2008-02-01T00:00:00.000Z
2008-02-01T00:00:00.000Z,297,0,2008-02-01T00:00:00.000Z,2008-03-01T00:00:00.000Z
2008-03-01T00:00:00.000Z,182,0,2008-03-01T00:00:00.000Z,2008-04-01T00:00:00.000Z
2008-04-01T00:00:00.000Z,301,197,2008-04-01T00:00:00.000Z,2008-05-01T00:00:00.000Z
2008-05-01T00:00:00.000Z,357,306,2008-05-01T00:00:00.000Z,2008-06-01T00:00:00.000Z
2008-06-01T00:00:00.000Z,186,208,2008-06-01T00:00:00.000Z,2008-07-01T00:00:00.000Z
2008-07-01T00:00:00.000Z,307,267,2008-07-01T00:00:00.000Z,2008-08-01T00:00:00.000Z
2008-08-01T00:00:00.000Z,272,179,2008-08-01T00:00:00.000Z,2008-09-01T00:00:00.000Z
2008-09-01T00:00:00.000Z,261,185,2008-09-01T00:00:00.000Z,2008-10-01T00:00:00.000Z
2008-10-01T00:00:00.000Z,263,826,2008-10-01T00:00:00.000Z,2008-11-01T00:00:00.000Z
2008-11-01T00:00:00.000Z,836,938,2008-11-01T00:00:00.000Z,2008-12-01T00:00:00.000Z
2008-12-01T00:00:00.000Z,1780,2652,2008-12-01T00:00:00.000Z,2009-01-01T00:00:00.000Z
2009-01-01T00:00:00.000Z,1614,3429,2009-01-01T00:00:00.000Z,2009-02-01T00:00:00.000Z
2009-02-01T00:00:00.000Z,2096,4255,2009-02-01T00:00:00.000Z,2009-03-01T00:00:00.000Z
2009-03-01T00:00:00.000Z,1153,4315,2009-03-01T00:00:00.000Z,2009-04-01T00:00:00.000Z
2009-04-01T00:00:00.000Z,731,3069,2009-04-01T00:00:00.000Z,2009-05-01T00:00:00.000Z
2009-05-01T00:00:00.000Z,1155,4965,2009-05-01T00:00:00.000Z,2009-06-01T00:00:00.000Z
2009-06-01T00:00:00.000Z,1328,4666,2009-06-01T00:00:00.000Z,2009-07-01T00:00:00.000Z
2009-07-01T00:00:00.000Z,707,3275,2009-07-01T00:00:00.000Z,2009-08-01T00:00:00.000Z
2009-08-01T00:00:00.000Z,488,2024,2009-08-01T00:00:00.000Z,2009-09-01T00:00:00.000Z
2009-09-01T00:00:00.000Z,540,946,2009-09-01T00:00:00.000Z,2009-10-01T00:00:00.000Z
2009-10-01T00:00:00.000Z,668,1434,2009-10-01T00:00:00.000Z,2009-11-01T00:00:00.000Z
2009-11-01T00:00:00.000Z,575,1989,2009-11-01T00:00:00.000Z,2009-12-01T00:00:00.000Z
2009-12-01T00:00:00.000Z,766,3857,2009-12-01T00:00:00.000Z,2010-01-01T00:00:00.000Z
2010-01-01T00:00:00.000Z,749,2416,2010-01-01T00:00:00.000Z,2010-02-01T00:00:00.000Z
2010-02-01T00:00:00.000Z,1151,3332,2010-02-01T00:00:00.000Z,2010-03-01T00:00:00.000Z
2010-03-01T00:00:00.000Z,1731,4642,2010-03-01T00:00:00.000Z,2010-04-01T00:00:00.000Z
2010-04-01T00:00:00.000Z,875,3929,2010-04-01T00:00:00.000Z,2010-05-01T00:00:00.000Z
2010-05-01T00:00:00.000Z,2435,4719,2010-05-01T00:00:00.000Z,2010-06-01T00:00:00.000Z
2010-06-01T00:00:00.000Z,2278,5173,2010-06-01T00:00:00.000Z,2010-07-01T00:00:00.000Z
2010-07-01T00:00:00.000Z,1041,2326,2010-07-01T00:00:00.000Z,2010-08-01T00:00:00.000Z
2010-08-01T00:00:00.000Z,433,883,2010-08-01T00:00:00.000Z,2010-09-01T00:00:00.000Z
2010-09-01T00:00:00.000Z,1014,1893,2010-09-01T00:00:00.000Z,2010-10-01T00:00:00.000Z
2010-10-01T00:00:00.000Z,1610,3064,2010-10-01T00:00:00.000Z,2010-11-01T00:00:00.000Z
2010-11-01T00:00:00.000Z,1023,3743,2010-11-01T00:00:00.000Z,2010-12-01T00:00:00.000Z
2010-12-01T00:00:00.000Z,456,1729,2010-12-01T00:00:00.000Z,2011-01-01T00:00:00.000Z
2011-01-01T00:00:00.000Z,282,2911,2011-01-01T00:00:00.000Z,2011-02-01T00:00:00.000Z
2011-02-01T00:00:00.000Z,286,1824,2011-02-01T00:00:00.000Z,2011-03-01T00:00:00.000Z
2011-03-01T00:00:00.000Z,473,2136,2011-03-01T00:00:00.000Z,2011-04-01T00:00:00.000Z
2011-04-01T00:00:00.000Z,187,1266,2011-04-01T00:00:00.000Z,2011-05-01T00:00:00.000Z
2011-05-01T00:00:00.000Z,128,595,2011-05-01T00:00:00.000Z,2011-06-01T00:00:00.000Z
2011-06-01T00:00:00.000Z,470,2416,2011-06-01T00:00:00.000Z,2011-07-01T00:00:00.000Z
2011-07-01T00:00:00.000Z,634,2825,2011-07-01T00:00:00.000Z,2011-08-01T00:00:00.000Z
2011-08-01T00:00:00.000Z,706,3277,2011-08-01T00:00:00.000Z,2011-09-01T00:00:00.000Z
2011-09-01T00:00:00.000Z,1282,2887,2011-09-01T00:00:00.000Z,2011-10-01T00:00:00.000Z
2011-10-01T00:00:00.000Z,549,1456,2011-10-01T00:00:00.000Z,2011-11-01T00:00:00.000Z
2011-11-01T00:00:00.000Z,972,1219,2011-11-01T00:00:00.000Z,2011-12-01T00:00:00.000Z
2011-12-01T00:00:00.000Z,391,664,2011-12-01T00:00:00.000Z,2012-01-01T00:00:00.000Z
2012-01-01T00:00:00.000Z,332,1330,2012-01-01T00:00:00.000Z,2012-02-01T00:00:00.000Z
2012-02-01T00:00:00.000Z,194,1183,2012-02-01T00:00:00.000Z,2012-03-01T00:00:00.000Z
2012-03-01T00:00:00.000Z,320,1029,2012-03-01T00:00:00.000Z,2012-04-01T00:00:00.000Z
2012-04-01T00:00:00.000Z,454,764,2012-04-01T00:00:00.000Z,2012-05-01T00:00:00.000Z
2012-05-01T00:00:00.000Z,574,959,2012-05-01T00:00:00.000Z,2012-06-01T00:00:00.000Z
2012-06-01T00:00:00.000Z,553,1325,2012-06-01T00:00:00.000Z,2012-07-01T00:00:00.000Z
2012-07-01T00:00:00.000Z,376,1109,2012-07-01T00:00:00.000Z,2012-08-01T00:00:00.000Z
2012-08-01T00:00:00.000Z,347,1079,2012-08-01T00:00:00.000Z,2012-09-01T00:00:00.000Z
2012-09-01T00:00:00.000Z,1169,1717,2012-09-01T00:00:00.000Z,2012-10-01T00:00:00.000Z
2012-10-01T00:00:00.000Z,380,993,2012-10-01T00:00:00.000Z,2012-11-01T00:00:00.000Z
2012-11-01T00:00:00.000Z,238,1150,2012-11-01T00:00:00.000Z,2012-12-01T00:00:00.000Z
2012-12-01T00:00:00.000Z,352,1525,2012-12-01T00:00:00.000Z,2013-01-01T00:00:00.000Z
2013-01-01T00:00:00.000Z,237,1180,2013-01-01T00:00:00.000Z,2013-02-01T00:00:00.000Z
2013-02-01T00:00:00.000Z,288,1674,2013-02-01T00:00:00.000Z,2013-03-01T00:00:00.000Z
2013-03-01T00:00:00.000Z,254,1492,2013-03-01T00:00:00.000Z,2013-04-01T00:00:00.000Z
2013-04-01T00:00:00.000Z,188,1447,2013-04-01T00:00:00.000Z,2013-05-01T00:00:00.000Z
2013-05-01T00:00:00.000Z,400,951,2013-05-01T00:00:00.000Z,2013-06-01T00:00:00.000Z
2013-06-01T00:00:00.000Z,536,1465,2013-06-01T00:00:00.000Z,2013-07-01T00:00:00.000Z
2013-07-01T00:00:00.000Z,186,645,2013-07-01T00:00:00.000Z,2013-08-01T00:00:00.000Z
2013-08-01T00:00:00.000Z,227,619,2013-08-01T00:00:00.000Z,2013-09-01T00:00:00.000Z
2013-09-01T00:00:00.000Z,229,936,2013-09-01T00:00:00.000Z,2013-10-01T00:00:00.000Z
2013-10-01T00:00:00.000Z,590,946,2013-10-01T00:00:00.000Z,2013-11-01T00:00:00.000Z
2013-11-01T00:00:00.000Z,275,812,2013-11-01T00:00:00.000Z,2013-12-01T00:00:00.000Z
2013-12-01T00:00:00.000Z,209,933,2013-12-01T00:00:00.000Z,2014-01-01T00:00:00.000Z
2014-01-01T00:00:00.000Z,267,1088,2014-01-01T00:00:00.000Z,2014-02-01T00:00:00.000Z
2014-02-01T00:00:00.000Z,911,2155,2014-02-01T00:00:00.000Z,2014-03-01T00:00:00.000Z
2014-03-01T00:00:00.000Z,480,4980,2014-03-01T00:00:00.000Z,2014-04-01T00:00:00.000Z
2014-04-01T00:00:00.000Z,717,1549,2014-04-01T00:00:00.000Z,2014-05-01T00:00:00.000Z
2014-05-01T00:00:00.000Z,511,1544,2014-05-01T00:00:00.000Z,2014-06-01T00:00:00.000Z
2014-06-01T00:00:00.000Z,693,938,2014-06-01T00:00:00.000Z,2014-07-01T00:00:00.000Z
2014-07-01T00:00:00.000Z,790,1051,2014-07-01T00:00:00.000Z,2014-08-01T00:00:00.000Z
2014-08-01T00:00:00.000Z,245,867,2014-08-01T00:00:00.000Z,2014-09-01T00:00:00.000Z
2014-09-01T00:00:00.000Z,211,606,2014-09-01T00:00:00.000Z,2014-10-01T00:00:00.000Z
2014-10-01T00:00:00.000Z,124,570,2014-10-01T00:00:00.000Z,2014-11-01T00:00:00.000Z
2014-11-01T00:00:00.000Z,152,1161,2014-11-01T00:00:00.000Z,2014-12-01T00:00:00.000Z
2014-12-01T00:00:00.000Z,484,1137,2014-12-01T00:00:00.000Z,2015-01-01T00:00:00.000Z
2015-01-01T00:00:00.000Z,435,944,2015-01-01T00:00:00.000Z,2015-02-01T00:00:00.000Z
2015-02-01T00:00:00.000Z,272,1006,2015-02-01T00:00:00.000Z,2015-03-01T00:00:00.000Z
2015-03-01T00:00:00.000Z,384,1392,2015-03-01T00:00:00.000Z,2015-04-01T00:00:00.000Z
2015-04-01T00:00:00.000Z,195,1127,2015-04-01T00:00:00.000Z,2015-05-01T00:00:00.000Z
2015-05-01T00:00:00.000Z,206,1122,2015-05-01T00:00:00.000Z,2015-06-01T00:00:00.000Z
2015-06-01T00:00:00.000Z,300,1314,2015-06-01T00:00:00.000Z,2015-07-01T00:00:00.000Z
2015-07-01T00:00:00.000Z,469,11849,2015-07-01T00:00:00.000Z,2015-08-01T00:00:00.000Z
2015-08-01T00:00:00.000Z,9716,3965,2015-08-01T00:00:00.000Z,2015-09-01T00:00:00.000Z
2015-09-01T00:00:00.000Z,541,1719,2015-09-01T00:00:00.000Z,2015-10-01T00:00:00.000Z
2015-10-01T00:00:00.000Z,367,1020,2015-10-01T00:00:00.000Z,2015-11-01T00:00:00.000Z
2015-11-01T00:00:00.000Z,399,1415,2015-11-01T00:00:00.000Z,2015-12-01T00:00:00.000Z
2015-12-01T00:00:00.000Z,239,1068,2015-12-01T00:00:00.000Z,2016-01-01T00:00:00.000Z
2016-01-01T00:00:00.000Z,629,3631,2016-01-01T00:00:00.000Z,2016-02-01T00:00:00.000Z
2016-02-01T00:00:00.000Z,764,1514,2016-02-01T00:00:00.000Z,2016-03-01T00:00:00.000Z
2016-03-01T00:00:00.000Z,397,1793,2016-03-01T00:00:00.000Z,2016-04-01T00:00:00.000Z
2016-04-01T00:00:00.000Z,1895,4351,2016-04-01T00:00:00.000Z,2016-05-01T00:00:00.000Z
2016-05-01T00:00:00.000Z,284,1015,2016-05-01T00:00:00.000Z,2016-06-01T00:00:00.000Z
2016-06-01T00:00:00.000Z,163,543,2016-06-01T00:00:00.000Z,2016-07-01T00:00:00.000Z
2016-07-01T00:00:00.000Z,528,2141,2016-07-01T00:00:00.000Z,2016-08-01T00:00:00.000Z
2016-08-01T00:00:00.000Z,507,2014,2016-08-01T00:00:00.000Z,2016-09-01T00:00:00.000Z
2016-09-01T00:00:00.000Z,594,1405,2016-09-01T00:00:00.000Z,2016-10-01T00:00:00.000Z
2016-10-01T00:00:00.000Z,316,2063,2016-10-01T00:00:00.000Z,2016-11-01T00:00:00.000Z
2016-11-01T00:00:00.000Z,335,2045,2016-11-01T00:00:00.000Z,2016-12-01T00:00:00.000Z
2016-12-01T00:00:00.000Z,423,1354,2016-12-01T00:00:00.000Z,2017-01-01T00:00:00.000Z
2017-01-01T00:00:00.000Z,456,816,2017-01-01T00:00:00.000Z,2017-02-01T00:00:00.000Z
2017-02-01T00:00:00.000Z,843,1133,2017-02-01T00:00:00.000Z,2017-03-01T00:00:00.000Z
2017-03-01T00:00:00.000Z,355,1022,2017-03-01T00:00:00.000Z,2017-04-01T00:00:00.000Z
2017-04-01T00:00:00.000Z,523,1104,2017-04-01T00:00:00.000Z,2017-05-01T00:00:00.000Z
2017-05-01T00:00:00.000Z,470,1107,2017-05-01T00:00:00.000Z,2017-06-01T00:00:00.000Z
2017-06-01T00:00:00.000Z,336,473,2017-06-01T00:00:00.000Z,2017-07-01T00:00:00.000Z
2017-07-01T00:00:00.000Z,635,1700,2017-07-01T00:00:00.000Z,2017-08-01T00:00:00.000Z
2017-08-01T00:00:00.000Z,381,1747,2017-08-01T00:00:00.000Z,2017-09-01T00:00:00.000Z
2017-09-01T00:00:00.000Z,489,3851,2017-09-01T00:00:00.000Z,2017-10-01T00:00:00.000Z
2017-10-01T00:00:00.000Z,714,1444,2017-10-01T00:00:00.000Z,2017-11-01T00:00:00.000Z
2017-11-01T00:00:00.000Z,516,2790,2017-11-01T00:00:00.000Z,2017-12-01T00:00:00.000Z
2017-12-01T00:00:00.000Z,704,1451,2017-12-01T00:00:00.000Z,2018-01-01T00:00:00.000Z
2018-01-01T00:00:00.000Z,287,743,2018-01-01T00:00:00.000Z,2018-02-01T00:00:00.000Z
2018-02-01T00:00:00.000Z,392,846,2018-02-01T00:00:00.000Z,2018-03-01T00:00:00.000Z
2018-03-01T00:00:00.000Z,308,1387,2018-03-01T00:00:00.000Z,2018-04-01T00:00:00.000Z
2018-04-01T00:00:00.000Z,455,1559,2018-04-01T00:00:00.000Z,2018-05-01T00:00:00.000Z
2018-05-01T00:00:00.000Z,255,743,2018-05-01T00:00:00.000Z,2018-06-01T00:00:00.000Z
2018-06-01T00:00:00.000Z,572,1609,2018-06-01T00:00:00.000Z,2018-07-01T00:00:00.000Z
2018-07-01T00:00:00.000Z,792,2673,2018-07-01T00:00:00.000Z,2018-08-01T00:00:00.000Z
2018-08-01T00:00:00.000Z,721,2347,2018-08-01T00:00:00.000Z,2018-09-01T00:00:00.000Z
2018-09-01T00:00:00.000Z,749,3399,2018-09-01T00:00:00.000Z,2018-10-01T00:00:00.000Z
2018-10-01T00:00:00.000Z,589,1647,2018-10-01T00:00:00.000Z,2018-11-01T00:00:00.000Z
2018-11-01T00:00:00.000Z,1571,2764,2018-11-01T00:00:00.000Z,2018-12-01T00:00:00.000Z
2018-12-01T00:00:00.000Z,539,2039,2018-12-01T00:00:00.000Z,2019-01-01T00:00:00.000Z
2019-01-01T00:00:00.000Z,1284,1371,2019-01-01T00:00:00.000Z,2019-02-01T00:00:00.000Z
2019-02-01T00:00:00.000Z,361,698,2019-02-01T00:00:00.000Z,2019-03-01T00:00:00.000Z
2019-03-01T00:00:00.000Z,538,1245,2019-03-01T00:00:00.000Z,2019-04-01T00:00:00.000Z
2019-04-01T00:00:00.000Z,905,5668,2019-04-01T00:00:00.000Z,2019-05-01T00:00:00.000Z
2019-05-01T00:00:00.000Z,1832,1133,2019-05-01T00:00:00.000Z,2019-06-01T00:00:00.000Z
2019-06-01T00:00:00.000Z,1641,803,2019-06-01T00:00:00.000Z,2019-07-01T00:00:00.000Z
2019-07-01T00:00:00.000Z,1186,3068,2019-07-01T00:00:00.000Z,2019-08-01T00:00:00.000Z
2019-08-01T00:00:00.000Z,837,4453,2019-08-01T00:00:00.000Z,2019-09-01T00:00:00.000Z
2019-09-01T00:00:00.000Z,2574,4302,2019-09-01T00:00:00.000Z,2019-10-01T00:00:00.000Z
2019-10-01T00:00:00.000Z,1698,8794,2019-10-01T00:00:00.000Z,2019-11-01T00:00:00.000Z
2019-11-01T00:00:00.000Z,2039,6728,2019-11-01T00:00:00.000Z,2019-12-01T00:00:00.000Z
2019-12-01T00:00:00.000Z,4324,23723,2019-12-01T00:00:00.000Z,2020-01-01T00:00:00.000Z
2020-01-01T00:00:00.000Z,4334,66699,2020-01-01T00:00:00.000Z,2020-02-01T00:00:00.000Z
2020-02-01T00:00:00.000Z,2607,50720,2020-02-01T00:00:00.000Z,2020-03-01T00:00:00.000Z
2020-03-01T00:00:00.000Z,3311,106291,2020-03-01T00:00:00.000Z,2020-04-01T00:00:00.000Z
2020-04-01T00:00:00.000Z,3723,191450,2020-04-01T00:00:00.000Z,2020-05-01T00:00:00.000Z
2020-05-01T00:00:00.000Z,5308,151195,2020-05-01T00:00:00.000Z,2020-06-01T00:00:00.000Z
2020-06-01T00:00:00.000Z,4357,263579,2020-06-01T00:00:00.000Z,2020-07-01T00:00:00.000Z
2020-07-01T00:00:00.000Z,3546,199616,2020-07-01T00:00:00.000Z,2020-08-01T00:00:00.000Z
2020-08-01T00:00:00.000Z,4733,81309,2020-08-01T00:00:00.000Z,2020-09-01T00:00:00.000Z
2020-09-01T00:00:00.000Z,4174,39806,2020-09-01T00:00:00.000Z,2020-10-01T00:00:00.000Z
2020-10-01T00:00:00.000Z,2525,51592,2020-10-01T00:00:00.000Z,2020-11-01T00:00:00.000Z
2020-11-01T00:00:00.000Z,8051,27636,2020-11-01T00:00:00.000Z,2020-12-01T00:00:00.000Z
2020-12-01T00:00:00.000Z,4838,21173,2020-12-01T00:00:00.000Z,2021-01-01T00:00:00.000Z
2021-01-01T00:00:00.000Z,5653,16970,2021-01-01T00:00:00.000Z,2021-02-01T00:00:00.000Z
2021-02-01T00:00:00.000Z,4956,16841,2021-02-01T00:00:00.000Z,2021-03-01T00:00:00.000Z
2021-03-01T00:00:00.000Z,4439,24774,2021-03-01T00:00:00.000Z,2021-04-01T00:00:00.000Z
2021-04-01T00:00:00.000Z,5176,50210,2021-04-01T00:00:00.000Z,2021-05-01T00:00:00.000Z
2021-05-01T00:00:00.000Z,3566,29048,2021-05-01T00:00:00.000Z,2021-06-01T00:00:00.000Z
2021-06-01T00:00:00.000Z,2728,11273,2021-06-01T00:00:00.000Z,2021-07-01T00:00:00.000Z
2021-07-01T00:00:00.000Z,4958,13875,2021-07-01T00:00:00.000Z,2021-08-01T00:00:00.000Z
2021-08-01T00:00:00.000Z,5782,14333,2021-08-01T00:00:00.000Z,2021-09-01T00:00:00.000Z
2021-09-01T00:00:00.000Z,6182,19358,2021-09-01T00:00:00.000Z,2021-10-01T00:00:00.000Z
2021-10-01T00:00:00.000Z,4904,17967,2021-10-01T00:00:00.000Z,2021-11-01T00:00:00.000Z
2021-11-01T00:00:00.000Z,26691,80907,2021-11-01T00:00:00.000Z,2021-12-01T00:00:00.000Z
2021-12-01T00:00:00.000Z,38312,87695,2021-12-01T00:00:00.000Z,2022-01-01T00:00:00.000Z
2022-01-01T00:00:00.000Z,23299,41185,2022-01-01T00:00:00.000Z,2022-02-01T00:00:00.000Z
2022-02-01T00:00:00.000Z,15436,20863,2022-02-01T00:00:00.000Z,2022-03-01T00:00:00.000Z
2022-03-01T00:00:00.000Z,5853,10392,2022-03-01T00:00:00.000Z,2022-04-01T00:00:00.000Z
2022-04-01T00:00:00.000Z,8844,11713,2022-04-01T00:00:00.000Z,2022-05-01T00:00:00.000Z
2022-05-01T00:00:00.000Z,14696,11183,2022-05-01T00:00:00.000Z,2022-06-01T00:00:00.000Z
2022-06-01T00:00:00.000Z,12265,8770,2022-06-01T00:00:00.000Z,2022-07-01T00:00:00.000Z
2022-07-01T00:00:00.000Z,16166,11066,2022-07-01T00:00:00.000Z,2022-08-01T00:00:00.000Z