month,total.user,total.group-bot,total.anonymous,total.name-bot,timeRange.start,timeRange.end
2001-01-01T00:00:00.000Z,51,0,14,0,2001-01-01T00:00:00.000Z,2001-02-01T00:00:00.000Z
2001-02-01T00:00:00.000Z,195,0,31,0,2001-02-01T00:00:00.000Z,2001-03-01T00:00:00.000Z
2001-03-01T00:00:00.000Z,577,0,172,0,2001-03-01T00:00:00.000Z,2001-04-01T00:00:00.000Z
2001-04-01T00:00:00.000Z,1107,0,255,0,2001-04-01T00:00:00.000Z,2001-05-01T00:00:00.000Z
2001-05-01T00:00:00.000Z,2236,0,417,0,2001-05-01T00:00:00.000Z,2001-06-01T00:00:00.000Z
2001-06-01T00:00:00.000Z,2576,0,561,0,2001-06-01T00:00:00.000Z,2001-07-01T00:00:00.000Z
2001-07-01T00:00:00.000Z,3241,0,887,0,2001-07-01T00:00:00.000Z,2001-08-01T00:00:00.000Z
2001-08-01T00:00:00.000Z,4506,0,1498,0,2001-08-01T00:00:00.000Z,2001-09-01T00:00:00.000Z
2001-09-01T00:00:00.000Z,6675,0,2544,0,2001-09-01T00:00:00.000Z,2001-10-01T00:00:00.000Z
2001-10-01T00:00:00.000Z,10216,0,4111,0,2001-10-01T00:00:00.000Z,2001-11-01T00:00:00.000Z
2001-11-01T00:00:00.000Z,12673,0,5157,0,2001-11-01T00:00:00.000Z,2001-12-01T00:00:00.000Z
2001-12-01T00:00:00.000Z,14277,0,5968,0,2001-12-01T00:00:00.000Z,2002-01-01T00:00:00.000Z
2002-01-01T00:00:00.000Z,15451,0,6622,1,2002-01-01T00:00:00.000Z,2002-02-01T00:00:00.000Z
2002-02-01T00:00:00.000Z,21445,0,8483,1,2002-02-01T00:00:00.000Z,2002-03-01T00:00:00.000Z
2002-03-01T00:00:00.000Z,23600,0,9476,1,2002-03-01T00:00:00.000Z,2002-04-01T00:00:00.000Z
2002-04-01T00:00:00.000Z,25237,0,10246,1,2002-04-01T00:00:00.000Z,2002-05-01T00:00:00.000Z
2002-05-01T00:00:00.000Z,26577,0,10941,1,2002-05-01T00:00:00.000Z,2002-06-01T00:00:00.000Z
2002-06-01T00:00:00.000Z,28987,0,11894,1,2002-06-01T00:00:00.000Z,2002-07-01T00:00:00.000Z
2002-07-01T00:00:00.000Z,31435,0,12922,1,2002-07-01T00:00:00.000Z,2002-08-01T00:00:00.000Z
2002-08-01T00:00:00.000Z,35393,0,14881,12,2002-08-01T00:00:00.000Z,2002-09-01T00:00:00.000Z
2002-09-01T00:00:00.000Z,44724,0,16817,12,2002-09-01T00:00:00.000Z,2002-10-01T00:00:00.000Z
2002-10-01T00:00:00.000Z,82217,0,19222,12,2002-10-01T00:00:00.000Z,2002-11-01T00:00:00.000Z
2002-11-01T00:00:00.000Z,86711,0,21162,13,2002-11-01T00:00:00.000Z,2002-12-01T00:00:00.000Z
2002-12-01T00:00:00.000Z,90644,0,22990,15,2002-12-01T00:00:00.000Z,2003-01-01T00:00:00.000Z
2003-01-01T00:00:00.000Z,96612,0,25064,15,2003-01-01T00:00:00.000Z,2003-02-01T00:00:00.000Z
2003-02-01T00:00:00.000Z,101803,0,26614,15,2003-02-01T00:00:00.000Z,2003-03-01T00:00:00.000Z
2003-03-01T00:00:00.000Z,107180,0,28363,15,2003-03-01T00:00:00.000Z,2003-04-01T00:00:00.000Z
2003-04-01T00:00:00.000Z,112454,0,30255,15,2003-04-01T00:00:00.000Z,2003-05-01T00:00:00.000Z
2003-05-01T00:00:00.000Z,119333,0,32165,15,2003-05-01T00:00:00.000Z,2003-06-01T00:00:00.000Z
2003-06-01T00:00:00.000Z,125954,0,34093,15,2003-06-01T00:00:00.000Z,2003-07-01T00:00:00.000Z
2003-07-01T00:00:00.000Z,133098,0,36403,5337,2003-07-01T00:00:00.000Z,2003-08-01T00:00:00.000Z
2003-08-01T00:00:00.000Z,140787,0,39232,5337,2003-08-01T00:00:00.000Z,2003-09-01T00:00:00.000Z
2003-09-01T00:00:00.000Z,148799,0,42215,5380,2003-09-01T00:00:00.000Z,2003-10-01T00:00:00.000Z
2003-10-01T00:00:00.000Z,155947,0,44780,5380,2003-10-01T00:00:00.000Z,2003-11-01T00:00:00.000Z
2003-11-01T00:00:00.000Z,165781,0,47310,5381,2003-11-01T00:00:00.000Z,2003-12-01T00:00:00.000Z
2003-12-01T00:00:00.000Z,177466,26,50211,5384,2003-12-01T00:00:00.000Z,2004-01-01T00:00:00.000Z
2004-01-01T00:00:00.000Z,189792,26,53024,5384,2004-01-01T00:00:00.000Z,2004-02-01T00:00:00.000Z
2004-02-01T00:00:00.000Z,207448,27,57049,5384,2004-02-01T00:00:00.000Z,2004-03-01T00:00:00.000Z
2004-03-01T00:00:00.000Z,231667,27,62997,5493,2004-03-01T00:00:00.000Z,2004-04-01T00:00:00.000Z
2004-04-01T00:00:00.000Z,252986,27,67882,5495,2004-04-01T00:00:00.000Z,2004-05-01T00:00:00.000Z
2004-05-01T00:00:00.000Z,273860,124,73469,5498,2004-05-01T00:00:00.000Z,2004-06-01T00:00:00.000Z
2004-06-01T00:00:00.000Z,299745,129,78555,5503,2004-06-01T00:00:00.000Z,2004-07-01T00:00:00.000Z
2004-07-01T00:00:00.000Z,326007,129,84530,5512,2004-07-01T00:00:00.000Z,2004-08-01T00:00:00.000Z
2004-08-01T00:00:00.000Z,356708,130,90336,5520,2004-08-01T00:00:00.000Z,2004-09-01T00:00:00.000Z
2004-09-01T00:00:00.000Z,387168,130,96659,5527,2004-09-01T00:00:00.000Z,2004-10-01T00:00:00.000Z
2004-10-01T00:00:00.000Z,421365,130,103614,5528,2004-10-01T00:00:00.000Z,2004-11-01T00:00:00.000Z
2004-11-01T00:00:00.000Z,460190,130,111987,7084,2004-11-01T00:00:00.000Z,2004-12-01T00:00:00.000Z
2004-12-01T00:00:00.000Z,499542,142,121101,7393,2004-12-01T00:00:00.000Z,2005-01-01T00:00:00.000Z
2005-01-01T00:00:00.000Z,532415,142,128910,7418,2005-01-01T00:00:00.000Z,2005-02-01T00:00:00.000Z
2005-02-01T00:00:00.000Z,564095,142,136161,7432,2005-02-01T00:00:00.000Z,2005-03-01T00:00:00.000Z
2005-03-01T00:00:00.000Z,605264,142,145718,7622,2005-03-01T00:00:00.000Z,2005-04-01T00:00:00.000Z
2005-04-01T00:00:00.000Z,652869,144,157100,8611,2005-04-01T00:00:00.000Z,2005-05-01T00:00:00.000Z
2005-05-01T00:00:00.000Z,698855,147,170217,8790,2005-05-01T00:00:00.000Z,2005-06-01T00:00:00.000Z
2005-06-01T00:00:00.000Z,751196,169,183595,8922,2005-06-01T00:00:00.000Z,2005-07-01T00:00:00.000Z
2005-07-01T00:00:00.000Z,817075,170,199999,9319,2005-07-01T00:00:00.000Z,2005-08-01T00:00:00.000Z
2005-08-01T00:00:00.000Z,892015,171,216638,9460,2005-08-01T00:00:00.000Z,2005-09-01T00:00:00.000Z
2005-09-01T00:00:00.000Z,959077,177,230453,9886,2005-09-01T00:00:00.000Z,2005-10-01T00:00:00.000Z
2005-10-01T00:00:00.000Z,1039640,178,249757,10611,2005-10-01T00:00:00.000Z,2005-11-01T00:00:00.000Z
2005-11-01T00:00:00.000Z,1115818,180,266151,11618,2005-11-01T00:00:00.000Z,2005-12-01T00:00:00.000Z
2005-12-01T00:00:00.000Z,1236224,224,272715,12210,2005-12-01T00:00:00.000Z,2006-01-01T00:00:00.000Z
2006-01-01T00:00:00.000Z,1377636,403,277297,14235,2006-01-01T00:00:00.000Z,2006-02-01T00:00:00.000Z
2006-02-01T00:00:00.000Z,1515049,454,281228,16290,2006-02-01T00:00:00.000Z,2006-03-01T00:00:00.000Z
2006-03-01T00:00:00.000Z,1664477,512,285822,19894,2006-03-01T00:00:00.000Z,2006-04-01T00:00:00.000Z
2006-04-01T00:00:00.000Z,1820045,639,289990,27300,2006-04-01T00:00:00.000Z,2006-05-01T00:00:00.000Z
2006-05-01T00:00:00.000Z,1980334,782,294964,37856,2006-05-01T00:00:00.000Z,2006-06-01T00:00:00.000Z
2006-06-01T00:00:00.000Z,2145889,2008,299483,47337,2006-06-01T00:00:00.000Z,2006-07-01T00:00:00.000Z
2006-07-01T00:00:00.000Z,2320510,4561,303994,57866,2006-07-01T00:00:00.000Z,2006-08-01T00:00:00.000Z
2006-08-01T00:00:00.000Z,2611384,5226,308724,80321,2006-08-01T00:00:00.000Z,2006-09-01T00:00:00.000Z
2006-09-01T00:00:00.000Z,2799046,5462,313116,95099,2006-09-01T00:00:00.000Z,2006-10-01T00:00:00.000Z
2006-10-01T00:00:00.000Z,2994830,7391,317446,121420,2006-10-01T00:00:00.000Z,2006-11-01T00:00:00.000Z
2006-11-01T00:00:00.000Z,3194613,7928,322064,144064,2006-11-01T00:00:00.000Z,2006-12-01T00:00:00.000Z
2006-12-01T00:00:00.000Z,3395564,8402,326044,161435,2006-12-01T00:00:00.000Z,2007-01-01T00:00:00.000Z
2007-01-01T00:00:00.000Z,3622066,11260,330146,191882,2007-01-01T00:00:00.000Z,2007-02-01T00:00:00.000Z
2007-02-01T00:00:00.000Z,3848050,22899,335266,217998,2007-02-01T00:00:00.000Z,2007-03-01T00:00:00.000Z
2007-03-01T00:00:00.000Z,4113404,29996,340104,259293,2007-03-01T00:00:00.000Z,2007-04-01T00:00:00.000Z
2007-04-01T00:00:00.000Z,4384133,45706,344655,282605,2007-04-01T00:00:00.000Z,2007-05-01T00:00:00.000Z
2007-05-01T00:00:00.000Z,4609677,50893,349592,306385,2007-05-01T00:00:00.000Z,2007-06-01T00:00:00.000Z
2007-06-01T00:00:00.000Z,4803593,56697,353316,347169,2007-06-01T00:00:00.000Z,2007-07-01T00:00:00.000Z
2007-07-01T00:00:00.000Z,5005883,60327,356468,401579,2007-07-01T00:00:00.000Z,2007-08-01T00:00:00.000Z
2007-08-01T00:00:00.000Z,5200154,65686,359471,448973,2007-08-01T00:00:00.000Z,2007-09-01T00:00:00.000Z
2007-09-01T00:00:00.000Z,5394703,81391,362395,480983,2007-09-01T00:00:00.000Z,2007-10-01T00:00:00.000Z
2007-10-01T00:00:00.000Z,5602711,87052,365243,524339,2007-10-01T00:00:00.000Z,2007-11-01T00:00:00.000Z
2007-11-01T00:00:00.000Z,5791466,96613,367632,565952,2007-11-01T00:00:00.000Z,2007-12-01T00:00:00.000Z
2007-12-01T00:00:00.000Z,5990838,110771,369822,604978,2007-12-01T00:00:00.000Z,2008-01-01T00:00:00.000Z
2008-01-01T00:00:00.000Z,6249943,122851,372719,654441,2008-01-01T00:00:00.000Z,2008-02-01T00:00:00.000Z
2008-02-01T00:00:00.000Z,6500611,128516,375965,699521,2008-02-01T00:00:00.000Z,2008-03-01T00:00:00.000Z
2008-03-01T00:00:00.000Z,6753206,136691,379541,759281,2008-03-01T00:00:00.000Z,2008-04-01T00:00:00.000Z
2008-04-01T00:00:00.000Z,7005566,140757,383169,795299,2008-04-01T00:00:00.000Z,2008-05-01T00:00:00.000Z
2008-05-01T00:00:00.000Z,7252997,146767,386211,840716,2008-05-01T00:00:00.000Z,2008-06-01T00:00:00.000Z
2008-06-01T00:00:00.000Z,7497471,153505,389251,886312,2008-06-01T00:00:00.000Z,2008-07-01T00:00:00.000Z
2008-07-01T00:00:00.000Z,7728757,156409,391935,923285,2008-07-01T00:00:00.000Z,2008-08-01T00:00:00.000Z
2008-08-01T00:00:00.000Z,7969610,159925,394890,956706,2008-08-01T00:00:00.000Z,2008-09-01T00:00:00.000Z
2008-09-01T00:00:00.000Z,8204392,166225,398019,973932,2008-09-01T00:00:00.000Z,2008-10-01T00:00:00.000Z
2008-10-01T00:00:00.000Z,8444733,169202,401291,998330,2008-10-01T00:00:00.000Z,2008-11-01T00:00:00.000Z
2008-11-01T00:00:00.000Z,8680022,177399,403816,1073072,2008-11-01T00:00:00.000Z,2008-12-01T00:00:00.000Z
2008-12-01T00:00:00.000Z,8896747,191450,405981,1102455,2008-12-01T00:00:00.000Z,2009-01-01T00:00:00.000Z
2009-01-01T00:00:00.000Z,9115517,205374,408427,1144944,2009-01-01T00:00:00.000Z,2009-02-01T00:00:00.000Z
2009-02-01T00:00:00.000Z,9316139,211541,411466,1185050,2009-02-01T00:00:00.000Z,2009-03-01T00:00:00.000Z
2009-03-01T00:00:00.000Z,9549513,231878,413923,1231174,2009-03-01T00:00:00.000Z,2009-04-01T00:00:00.000Z
2009-04-01T00:00:00.000Z,9757355,240749,415969,1258511,2009-04-01T00:00:00.000Z,2009-05-01T00:00:00.000Z
2009-05-01T00:00:00.000Z,9975390,247622,418137,1282215,2009-05-01T00:00:00.000Z,2009-06-01T00:00:00.000Z
2009-06-01T00:00:00.000Z,10159604,273669,420096,1298713,2009-06-01T00:00:00.000Z,2009-07-01T00:00:00.000Z
2009-07-01T00:00:00.000Z,10342036,285610,421949,1318292,2009-07-01T00:00:00.000Z,2009-08-01T00:00:00.000Z
2009-08-01T00:00:00.000Z,10528444,290244,424458,1346031,2009-08-01T00:00:00.000Z,2009-09-01T00:00:00.000Z
2009-09-01T00:00:00.000Z,10710638,302706,426902,1360691,2009-09-01T00:00:00.000Z,2009-10-01T00:00:00.000Z
2009-10-01T00:00:00.000Z,10919651,309314,429609,1382306,2009-10-01T00:00:00.000Z,2009-11-01T00:00:00.000Z
2009-11-01T00:00:00.000Z,11109814,314310,431713,1397024,2009-11-01T00:00:00.000Z,2009-12-01T00:00:00.000Z
2009-12-01T00:00:00.000Z,11303234,325999,433863,1420245,2009-12-01T00:00:00.000Z,2010-01-01T00:00:00.000Z
2010-01-01T00:00:00.000Z,11505284,339335,436389,1442503,2010-01-01T00:00:00.000Z,2010-02-01T00:00:00.000Z
2010-02-01T00:00:00.000Z,11704683,345909,438633,1456968,2010-02-01T00:00:00.000Z,2010-03-01T00:00:00.000Z
2010-03-01T00:00:00.000Z,11921611,356339,441883,1483104,2010-03-01T00:00:00.000Z,2010-04-01T00:00:00.000Z
2010-04-01T00:00:00.000Z,12109368,383592,443872,1505469,2010-04-01T00:00:00.000Z,2010-05-01T00:00:00.000Z
2010-05-01T00:00:00.000Z,12303417,396620,445959,1536366,2010-05-01T00:00:00.000Z,2010-06-01T00:00:00.000Z
2010-06-01T00:00:00.000Z,12477811,405910,448110,1548172,2010-06-01T00:00:00.000Z,2010-07-01T00:00:00.000Z
2010-07-01T00:00:00.000Z,12650468,412584,450215,1560965,2010-07-01T00:00:00.000Z,2010-08-01T00:00:00.000Z
2010-08-01T00:00:00.000Z,12864541,422497,452119,1574557,2010-08-01T00:00:00.000Z,2010-09-01T00:00:00.000Z
2010-09-01T00:00:00.000Z,13080752,430600,453809,1588964,2010-09-01T00:00:00.000Z,2010-10-01T00:00:00.000Z
2010-10-01T00:00:00.000Z,13361629,437623,455635,1597108,2010-10-01T00:00:00.000Z,2010-11-01T00:00:00.000Z
2010-11-01T00:00:00.000Z,13566907,473114,457021,1605281,2010-11-01T00:00:00.000Z,2010-12-01T00:00:00.000Z
2010-12-01T00:00:00.000Z,13782134,511240,458374,1609573,2010-12-01T00:00:00.000Z,2011-01-01T00:00:00.000Z
2011-01-01T00:00:00.000Z,14023598,559662,460340,1624245,2011-01-01T00:00:00.000Z,2011-02-01T00:00:00.000Z
2011-02-01T00:00:00.000Z,14173181,610296,462544,1629228,2011-02-01T00:00:00.000Z,2011-03-01T00:00:00.000Z
2011-03-01T00:00:00.000Z,14333629,639484,464200,1633772,2011-03-01T00:00:00.000Z,2011-04-01T00:00:00.000Z
2011-04-01T00:00:00.000Z,14486217,651307,465820,1636881,2011-04-01T00:00:00.000Z,2011-05-01T00:00:00.000Z
2011-05-01T00:00:00.000Z,14631696,684417,467557,1641211,2011-05-01T00:00:00.000Z,2011-06-01T00:00:00.000Z
2011-06-01T00:00:00.000Z,14790473,713925,469222,1646123,2011-06-01T00:00:00.000Z,2011-07-01T00:00:00.000Z
2011-07-01T00:00:00.000Z,14952698,743402,470823,1653480,2011-07-01T00:00:00.000Z,2011-08-01T00:00:00.000Z
2011-08-01T00:00:00.000Z,15138851,768934,472534,1657058,2011-08-01T00:00:00.000Z,2011-09-01T00:00:00.000Z
2011-09-01T00:00:00.000Z,15307670,803201,473951,1663160,2011-09-01T00:00:00.000Z,2011-10-01T00:00:00.000Z
2011-10-01T00:00:00.000Z,15472345,841379,475522,1667955,2011-10-01T00:00:00.000Z,2011-11-01T00:00:00.000Z
2011-11-01T00:00:00.000Z,15633788,876439,476948,1674944,2011-11-01T00:00:00.000Z,2011-12-01T00:00:00.000Z
2011-12-01T00:00:00.000Z,15791920,900595,478244,1680782,2011-12-01T00:00:00.000Z,2012-01-01T00:00:00.000Z
2012-01-01T00:00:00.000Z,15955325,935722,479841,1686121,2012-01-01T00:00:00.000Z,2012-02-01T00:00:00.000Z
2012-02-01T00:00:00.000Z,16112864,973260,481545,1695752,2012-02-01T00:00:00.000Z,2012-03-01T00:00:00.000Z
2012-03-01T00:00:00.000Z,16313868,1009267,483199,1700559,2012-03-01T00:00:00.000Z,2012-04-01T00:00:00.000Z
2012-04-01T00:00:00.000Z,16543928,1042240,484987,1705711,2012-04-01T00:00:00.000Z,2012-05-01T00:00:00.000Z
2012-05-01T00:00:00.000Z,16723645,1071273,486748,1709113,2012-05-01T00:00:00.000Z,2012-06-01T00:00:00.000Z
2012-06-01T00:00:00.000Z,16878241,1095897,488238,1712509,2012-06-01T00:00:00.000Z,2012-07-01T00:00:00.000Z
2012-07-01T00:00:00.000Z,17034470,1134730,489737,1715837,2012-07-01T00:00:00.000Z,2012-08-01T00:00:00.000Z
2012-08-01T00:00:00.000Z,17182696,1159053,491107,1717996,2012-08-01T00:00:00.000Z,2012-09-01T00:00:00.000Z
2012-09-01T00:00:00.000Z,17330003,1191657,492445,1720165,2012-09-01T00:00:00.000Z,2012-10-01T00:00:00.000Z
2012-10-01T00:00:00.000Z,17492272,1236235,493947,1723605,2012-10-01T00:00:00.000Z,2012-11-01T00:00:00.000Z
2012-11-01T00:00:00.000Z,17643740,1270159,495418,1726755,2012-11-01T00:00:00.000Z,2012-12-01T00:00:00.000Z
2012-12-01T00:00:00.000Z,17792336,1301917,496811,1729228,2012-12-01T00:00:00.000Z,2013-01-01T00:00:00.000Z
2013-01-01T00:00:00.000Z,17946097,1334541,498276,1732172,2013-01-01T00:00:00.000Z,2013-02-01T00:00:00.000Z
2013-02-01T00:00:00.000Z,18088737,1366763,499977,1733051,2013-02-01T00:00:00.000Z,2013-03-01T00:00:00.000Z
2013-03-01T00:00:00.000Z,18254797,1390663,501436,1735597,2013-03-01T00:00:00.000Z,2013-04-01T00:00:00.000Z
2013-04-01T00:00:00.000Z,18408903,1413525,502927,1739240,2013-04-01T00:00:00.000Z,2013-05-01T00:00:00.000Z
2013-05-01T00:00:00.000Z,18556002,1435364,504443,1747122,2013-05-01T00:00:00.000Z,2013-06-01T00:00:00.000Z
2013-06-01T00:00:00.000Z,18708775,1458350,505809,1754152,2013-06-01T00:00:00.000Z,2013-07-01T00:00:00.000Z
2013-07-01T00:00:00.000Z,18891544,1473204,507386,1759517,2013-07-01T00:00:00.000Z,2013-08-01T00:00:00.000Z
2013-08-01T00:00:00.000Z,19045475,1491746,508750,1776654,2013-08-01T00:00:00.000Z,2013-09-01T00:00:00.000Z
2013-09-01T00:00:00.000Z,19191059,1506134,509885,1784413,2013-09-01T00:00:00.000Z,2013-10-01T00:00:00.000Z
2013-10-01T00:00:00.000Z,19346837,1521686,511269,1789819,2013-10-01T00:00:00.000Z,2013-11-01T00:00:00.000Z
2013-11-01T00:00:00.000Z,19493081,1550679,512485,1796175,2013-11-01T00:00:00.000Z,2013-12-01T00:00:00.000Z
2013-12-01T00:00:00.000Z,19644559,1574914,513897,1801558,2013-12-01T00:00:00.000Z,2014-01-01T00:00:00.000Z
2014-01-01T00:00:00.000Z,19797144,1603137,515214,1810118,2014-01-01T00:00:00.000Z,2014-02-01T00:00:00.000Z
2014-02-01T00:00:00.000Z,19940435,1630174,516454,1816277,2014-02-01T00:00:00.000Z,2014-03-01T00:00:00.000Z
2014-03-01T00:00:00.000Z,20090471,1661382,517716,1823859,2014-03-01T00:00:00.000Z,2014-04-01T00:00:00.000Z
2014-04-01T00:00:00.000Z,20228941,1689004,518880,1829024,2014-04-01T00:00:00.000Z,2014-05-01T00:00:00.000Z
2014-05-01T00:00:00.000Z,20374686,1716089,520128,1835182,2014-05-01T00:00:00.000Z,2014-06-01T00:00:00.000Z
2014-06-01T00:00:00.000Z,20509385,1735830,521179,1841276,2014-06-01T00:00:00.000Z,2014-07-01T00:00:00.000Z
2014-07-01T00:00:00.000Z,20645378,1757013,522302,1846912,2014-07-01T00:00:00.000Z,2014-08-01T00:00:00.000Z
2014-08-01T00:00:00.000Z,20782372,1787216,523480,1852612,2014-08-01T00:00:00.000Z,2014-09-01T00:00:00.000Z
2014-09-01T00:00:00.000Z,20915675,1809482,524423,1858263,2014-09-01T00:00:00.000Z,2014-10-01T00:00:00.000Z
2014-10-01T00:00:00.000Z,21073349,1831567,525563,1863353,2014-10-01T00:00:00.000Z,2014-11-01T00:00:00.000Z
2014-11-01T00:00:00.000Z,21248509,1851833,526820,1867293,2014-11-01T00:00:00.000Z,2014-12-01T00:00:00.000Z
2014-12-01T00:00:00.000Z,21466693,1873267,528115,1870067,2014-12-01T00:00:00.000Z,2015-01-01T00:00:00.000Z
2015-01-01T00:00:00.000Z,21705972,1895126,529049,1873273,2015-01-01T00:00:00.000Z,2015-02-01T00:00:00.000Z
2015-02-01T00:00:00.000Z,21861027,1917120,529936,1876013,2015-02-01T00:00:00.000Z,2015-03-01T00:00:00.000Z
2015-03-01T00:00:00.000Z,22028444,2392447,531038,1879082,2015-03-01T00:00:00.000Z,2015-04-01T00:00:00.000Z
2015-04-01T00:00:00.000Z,22187086,2415000,532094,1882139,2015-04-01T00:00:00.000Z,2015-05-01T00:00:00.000Z
2015-05-01T00:00:00.000Z,22344130,2444265,533074,1885024,2015-05-01T00:00:00.000Z,2015-06-01T00:00:00.000Z
2015-06-01T00:00:00.000Z,22491613,2461162,534081,1887937,2015-06-01T00:00:00.000Z,2015-07-01T00:00:00.000Z
2015-07-01T00:00:00.000Z,22639503,2479330,535910,1890963,2015-07-01T00:00:00.000Z,2015-08-01T00:00:00.000Z
2015-08-01T00:00:00.000Z,22789241,2508570,537612,1894096,2015-08-01T00:00:00.000Z,2015-09-01T00:00:00.000Z
2015-09-01T00:00:00.000Z,22953094,2535820,539312,1896746,2015-09-01T00:00:00.000Z,2015-10-01T00:00:00.000Z
2015-10-01T00:00:00.000Z,23246583,2564217,541308,1899676,2015-10-01T00:00:00.000Z,2015-11-01T00:00:00.000Z
2015-11-01T00:00:00.000Z,23393348,2593548,543265,1902992,2015-11-01T00:00:00.000Z,2015-12-01T00:00:00.000Z
2015-12-01T00:00:00.000Z,23544245,2616767,545130,1905678,2015-12-01T00:00:00.000Z,2016-01-01T00:00:00.000Z
2016-01-01T00:00:00.000Z,23725970,2641646,546929,1909125,2016-01-01T00:00:00.000Z,2016-02-01T00:00:00.000Z
2016-02-01T00:00:00.000Z,23892304,2684082,549056,1912226,2016-02-01T00:00:00.000Z,2016-03-01T00:00:00.000Z
2016-03-01T00:00:00.000Z,24055186,2709130,550836,1915066,2016-03-01T00:00:00.000Z,2016-04-01T00:00:00.000Z
2016-04-01T00:00:00.000Z,24217858,2739039,552588,1916890,2016-04-01T00:00:00.000Z,2016-05-01T00:00:00.000Z
2016-05-01T00:00:00.000Z,24383967,2758408,554232,1919358,2016-05-01T00:00:00.000Z,2016-06-01T00:00:00.000Z
2016-06-01T00:00:00.000Z,24519773,2779374,555940,1921616,2016-06-01T00:00:00.000Z,2016-07-01T00:00:00.000Z
2016-07-01T00:00:00.000Z,24657303,2799653,557803,1926743,2016-07-01T00:00:00.000Z,2016-08-01T00:00:00.000Z
2016-08-01T00:00:00.000Z,24807836,2821035,559207,1928305,2016-08-01T00:00:00.000Z,2016-09-01T00:00:00.000Z
2016-09-01T00:00:00.000Z,25011554,2843661,560800,1929580,2016-09-01T00:00:00.000Z,2016-10-01T00:00:00.000Z
2016-10-01T00:00:00.000Z,25213831,2868796,562788,1931133,2016-10-01T00:00:00.000Z,2016-11-01T00:00:00.000Z
2016-11-01T00:00:00.000Z,25381172,2893909,565585,1932586,2016-11-01T00:00:00.000Z,2016-12-01T00:00:00.000Z
2016-12-01T00:00:00.000Z,25562427,2914532,567335,1934719,2016-12-01T00:00:00.000Z,2017-01-01T00:00:00.000Z
2017-01-01T00:00:00.000Z,25749457,2940181,568837,1936350,2017-01-01T00:00:00.000Z,2017-02-01T00:00:00.000Z
2017-02-01T00:00:00.000Z,25925568,2964976,570571,1937557,2017-02-01T00:00:00.000Z,2017-03-01T00:00:00.000Z
2017-03-01T00:00:00.000Z,26107130,2992859,572659,1938382,2017-03-01T00:00:00.000Z,2017-04-01T00:00:00.000Z
2017-04-01T00:00:00.000Z,26259554,3017956,574246,1939333,2017-04-01T00:00:00.000Z,2017-05-01T00:00:00.000Z
2017-05-01T00:00:00.000Z,26404783,3043501,575816,1940354,2017-05-01T00:00:00.000Z,2017-06-01T00:00:00.000Z
2017-06-01T00:00:00.000Z,26538538,3062665,577293,1941092,2017-06-01T00:00:00.000Z,2017-07-01T00:00:00.000Z
2017-07-01T00:00:00.000Z,26696853,3082029,579476,1942379,2017-07-01T00:00:00.000Z,2017-08-01T00:00:00.000Z
2017-08-01T00:00:00.000Z,26953433,3101123,581687,1943445,2017-08-01T00:00:00.000Z,2017-09-01T00:00:00.000Z
2017-09-01T00:00:00.000Z,27118152,3119527,583040,1944881,2017-09-01T00:00:00.000Z,2017-10-01T00:00:00.000Z
2017-10-01T00:00:00.000Z,27272679,3141176,584305,1945771,2017-10-01T00:00:00.000Z,2017-11-01T00:00:00.000Z
2017-11-01T00:00:00.000Z,27422612,3163750,585784,1947098,2017-11-01T00:00:00.000Z,2017-12-01T00:00:00.000Z
2017-12-01T00:00:00.000Z,27563551,3182268,587372,1948185,2017-12-01T00:00:00.000Z,2018-01-01T00:00:00.000Z
2018-01-01T00:00:00.000Z,27735739,3204678,588998,1949449,2018-01-01T00:00:00.000Z,2018-02-01T00:00:00.000Z
2018-02-01T00:00:00.000Z,27889595,3224787,590448,1950583,2018-02-01T00:00:00.000Z,2018-03-01T00:00:00.000Z
2018-03-01T00:00:00.000Z,28058701,3246882,592252,1952072,2018-03-01T00:00:00.000Z,2018-04-01T00:00:00.000Z
2018-04-01T00:00:00.000Z,28212899,3288802,594295,1953106,2018-04-01T00:00:00.000Z,2018-05-01T00:00:00.000Z
2018-05-01T00:00:00.000Z,28358508,3331213,595789,1953998,2018-05-01T00:00:00.000Z,2018-06-01T00:00:00.000Z
2018-06-01T00:00:00.000Z,28491366,3359037,597764,1954742,2018-06-01T00:00:00.000Z,2018-07-01T00:00:00.000Z
2018-07-01T00:00:00.000Z,28624059,3384595,599224,1955532,2018-07-01T00:00:00.000Z,2018-08-01T00:00:00.000Z
2018-08-01T00:00:00.000Z,28831464,3405079,600866,1956328,2018-08-01T00:00:00.000Z,2018-09-01T00:00:00.000Z
2018-09-01T00:00:00.000Z,28995668,3427467,602083,1956856,2018-09-01T00:00:00.000Z,2018-10-01T00:00:00.000Z
2018-10-01T00:00:00.000Z,29163608,3460757,603980,1957444,2018-10-01T00:00:00.000Z,2018-11-01T00:00:00.000Z
2018-11-01T00:00:00.000Z,29330012,3481204,605262,1958237,2018-11-01T00:00:00.000Z,2018-12-01T00:00:00.000Z
2018-12-01T00:00:00.000Z,29477118,3501076,606603,1959021,2018-12-01T00:00:00.000Z,2019-01-01T00:00:00.000Z
2019-01-01T00:00:00.000Z,29653016,3521849,607958,1959861,2019-01-01T00:00:00.000Z,2019-02-01T00:00:00.000Z
2019-02-01T00:00:00.000Z,29825046,3538714,609213,1960368,2019-02-01T00:00:00.000Z,2019-03-01T00:00:00.000Z
2019-03-01T00:00:00.000Z,30002113,3554093,610704,1960631,2019-03-01T00:00:00.000Z,2019-04-01T00:00:00.000Z
2019-04-01T00:00:00.000Z,30155486,3569446,612105,1961348,2019-04-01T00:00:00.000Z,2019-05-01T00:00:00.000Z
2019-05-01T00:00:00.000Z,30339378,3582833,613330,1962062,2019-05-01T00:00:00.000Z,2019-06-01T00:00:00.000Z
2019-06-01T00:00:00.000Z,30494210,3592573,614437,1962675,2019-06-01T00:00:00.000Z,2019-07-01T00:00:00.000Z
2019-07-01T00:00:00.000Z,30632435,3602879,616166,1962676,2019-07-01T00:00:00.000Z,2019-08-01T00:00:00.000Z
2019-08-01T00:00:00.000Z,30773482,3616750,617420,1962690,2019-08-01T00:00:00.000Z,2019-09-01T00:00:00.000Z
2019-09-01T00:00:00.000Z,30959581,3628874,619001,1962818,2019-09-01T00:00:00.000Z,2019-10-01T00:00:00.000Z
2019-10-01T00:00:00.000Z,31147149,3643197,620905,1963821,2019-10-01T00:00:00.000Z,2019-11-01T00:00:00.000Z
2019-11-01T00:00:00.000Z,31315608,3655682,622303,1964552,2019-11-01T00:00:00.000Z,2019-12-01T00:00:00.000Z
2019-12-01T00:00:00.000Z,31465546,3665302,623560,1965216,2019-12-01T00:00:00.000Z,2020-01-01T00:00:00.000Z
2020-01-01T00:00:00.000Z,31637119,3682118,625103,1965996,2020-01-01T00:00:00.000Z,2020-02-01T00:00:00.000Z
2020-02-01T00:00:00.000Z,31800858,3692422,626679,1966633,2020-02-01T00:00:00.000Z,2020-03-01T00:00:00.000Z
2020-03-01T00:00:00.000Z,31984304,3704037,628390,1968469,2020-03-01T00:00:00.000Z,2020-04-01T00:00:00.000Z
2020-04-01T00:00:00.000Z,32163765,3715956,629976,1970275,2020-04-01T00:00:00.000Z,2020-05-01T00:00:00.000Z
2020-05-01T00:00:00.000Z,32358055,3734457,631784,1972141,2020-05-01T00:00:00.000Z,2020-06-01T00:00:00.000Z
2020-06-01T00:00:00.000Z,32535805,3753473,633499,1973305,2020-06-01T00:00:00.000Z,2020-07-01T00:00:00.000Z
2020-07-01T00:00:00.000Z,32693066,3769295,635280,1974160,2020-07-01T00:00:00.000Z,2020-08-01T00:00:00.000Z
2020-08-01T00:00:00.000Z,32992844,3801513,636965,1975208,2020-08-01T00:00:00.000Z,2020-09-01T00:00:00.000Z
2020-09-01T00:00:00.000Z,33175309,3818855,638506,1976212,2020-09-01T00:00:00.000Z,2020-10-01T00:00:00.000Z
2020-10-01T00:00:00.000Z,33337283,3839423,640206,1977025,2020-10-01T00:00:00.000Z,2020-11-01T00:00:00.000Z
2020-11-01T00:00:00.000Z,33485957,3860140,641934,1977867,2020-11-01T00:00:00.000Z,2020-12-01T00:00:00.000Z
2020-12-01T00:00:00.000Z,33642555,3879643,643611,1978604,2020-12-01T00:00:00.000Z,2021-01-01T00:00:00.000Z
2021-01-01T00:00:00.000Z,33834309,3902832,645279,1979218,2021-01-01T00:00:00.000Z,2021-02-01T00:00:00.000Z
2021-02-01T00:00:00.000Z,34080685,3925673,646993,1979557,2021-02-01T00:00:00.000Z,2021-03-01T00:00:00.000Z
2021-03-01T00:00:00.000Z,34282744,3952244,648701,1980080,2021-03-01T00:00:00.000Z,2021-04-01T00:00:00.000Z
2021-04-01T00:00:00.000Z,34437183,3972553,650113,1980935,2021-04-01T00:00:00.000Z,2021-05-01T00:00:00.000Z
2021-05-01T00:00:00.000Z,34593874,3993644,651599,1981717,2021-05-01T00:00:00.000Z,2021-06-01T00:00:00.000Z
2021-06-01T00:00:00.000Z,34757934,4012284,653094,1982618,2021-06-01T00:00:00.000Z,2021-07-01T00:00:00.000Z
2021-07-01T00:00:00.000Z,34932035,4028680,654445,1983428,2021-07-01T00:00:00.000Z,2021-08-01T00:00:00.000Z
2021-08-01T00:00:00.000Z,35079037,4045159,655881,1984266,2021-08-01T00:00:00.000Z,2021-09-01T00:00:00.000Z
2021-09-01T00:00:00.000Z,35224068,4063688,657554,1985051,2021-09-01T00:00:00.000Z,2021-10-01T00:00:00.000Z
2021-10-01T00:00:00.000Z,35427960,4080553,659141,1985800,2021-10-01T00:00:00.000Z,2021-11-01T00:00:00.000Z
2021-11-01T00:00:00.000Z,35563381,4097675,660893,1986447,2021-11-01T00:00:00.000Z,2021-12-01T00:00:00.000Z
2021-12-01T00:00:00.000Z,35693573,4112402,663134,1987066,2021-12-01T00:00:00.000Z,2022-01-01T00:00:00.000Z
2022-01-01T00:00:00.000Z,35843543,4128980,666521,1987742,2022-01-01T00:00:00.000Z,2022-02-01T00:00:00.000Z
2022-02-01T00:00:00.000Z,35989826,4143915,668969,1988481,2022-02-01T00:00:00.000Z,2022-03-01T00:00:00.000Z
2022-03-01T00:00:00.000Z,36146332,4155197,671481,1988790,2022-03-01T00:00:00.000Z,2022-04-01T00:00:00.000Z
2022-04-01T00:00:00.000Z,36286986,4162257,674168,1988816,2022-04-01T00:00:00.000Z,2022-05-01T00:00:00.000Z
2022-05-01T00:00:00.000Z,36426706,4169208,676841,1988828,2022-05-01T00:00:00.000Z,2022-06-01T00:00:00.000Z
2022-06-01T00:00:00.000Z,36619439,4175184,679758,1989408,2022-06-01T00:00:00.000Z,2022-07-01T00:00:00.000Z
2022-07-01T00:00:00.000Z,36768780,4181372,682294,1989965,2022-07-01T00:00:00.000Z,2022-08-01T00:00:00.000Z